timestep,ep_rew_mean,ep_len_mean,correctness_rate,alignment_mean,episode_seconds_mean,episodes,truncation_rate,context_size_mean,examples_seen,dataset_pass,kl_step_mean
5180,-0.419654,92.5,0.0000,nan,28.375,1,0.0000,391.0,0,0,0.04371
10248,0.246546,91.7,1.0000,nan,24.910,1,0.0000,386.0,0,0,0.00155
15512,0.433873,93.1,1.0000,nan,26.902,1,0.0000,393.0,0,0,0.00548
26180,-0.524040,148.6,0.0000,nan,78.408,1,1.0000,576.0,0,0,0.01762
31696,-0.521950,147.4,0.0000,nan,27.406,1,0.0000,398.0,0,0,0.06013
37352,0.232696,100.1,1.0000,nan,28.625,1,0.0000,398.0,0,0,0.01245
43036,0.439261,101.8,1.0000,nan,26.845,1,0.0000,401.0,0,0,0.00408
48608,0.418859,100.6,0.0000,nan,25.622,1,0.0000,394.0,0,0,0.09695
58772,-0.473574,142.7,0.5000,nan,23.685,2,0.0000,391.0,0,0,0.03127
64428,-0.663325,145.6,1.0000,nan,29.948,1,0.0000,403.0,0,0,0.00080
69664,0.246640,96.9,1.0000,nan,29.886,1,0.0000,396.0,0,0,0.00604
79520,-0.225825,154.1,0.5000,nan,30.245,2,0.0000,412.0,0,0,0.00574
84952,-0.752977,154.1,0.0000,nan,27.974,1,0.0000,397.0,0,0,0.04081
90748,-0.357909,100.8,0.0000,nan,30.093,1,0.0000,404.0,0,0,0.00987
96488,0.286965,103.0,1.0000,nan,29.453,1,0.0000,402.0,0,0,0.00427
101836,0.767046,98.8,1.0000,nan,30.302,1,0.0000,397.0,0,0,0.00494
112896,-0.190131,153.1,1.0000,nan,28.709,2,0.0000,401.0,0,0,0.00518
118216,-0.190644,150.5,1.0000,nan,28.540,1,0.0000,397.0,0,0,0.00588
129080,-0.297419,153.1,0.5000,nan,30.324,2,0.0000,407.0,0,0,0.01542
134288,-0.524195,147.1,0.0000,nan,29.366,1,0.0000,399.0,0,0,0.05876
140588,-0.323689,104.5,0.0000,nan,29.830,1,0.0000,396.0,0,0,0.02991
150948,-0.524590,147.9,0.5000,nan,26.106,2,0.0000,390.5,0,0,0.03461
161420,-0.748126,195.2,0.0000,nan,77.313,1,1.0000,576.0,0,0,0.05620
167104,-0.047432,149.7,1.0000,nan,29.517,1,0.0000,399.0,0,0,0.00273
172144,0.464821,95.5,0.0000,nan,26.128,1,0.0000,390.0,0,0,0.03206
182392,-0.117176,142.2,0.0000,nan,76.275,1,1.0000,575.0,0,0,0.01809
187768,-0.594129,145.2,0.0000,nan,28.184,1,0.0000,398.0,0,0,0.03370
193452,0.257993,99.2,1.0000,nan,28.369,1,0.0000,398.0,0,0,0.00501
198996,0.453968,100.6,0.0000,nan,29.346,1,0.0000,401.0,0,0,0.03183
204120,0.448857,94.9,1.0000,nan,25.643,1,0.0000,389.0,0,0,0.00906
209748,0.027604,97.0,0.0000,nan,29.741,1,0.0000,400.0,0,0,0.06547
215348,0.167229,100.4,1.0000,nan,27.540,1,0.0000,395.0,0,0,0.00970
220500,0.415428,96.2,0.0000,nan,27.206,1,0.0000,394.0,0,0,0.09216
225820,0.118196,93.8,1.0000,nan,29.671,1,0.0000,403.0,0,0,0.00101
231364,0.245461,98.1,1.0000,nan,28.700,1,0.0000,399.0,0,0,0.00798
236684,0.109660,96.9,0.0000,nan,27.215,1,0.0000,395.0,0,0,0.03071
242928,0.186829,104.4,1.0000,nan,22.902,1,0.0000,379.0,0,0,0.00346
248556,-0.036095,109.4,1.0000,nan,27.924,1,0.0000,397.0,0,0,0.00091
259364,-0.888246,152.6,0.0000,nan,79.352,1,1.0000,583.0,0,0,0.02404
264964,-0.476468,150.8,1.0000,nan,28.203,1,0.0000,398.0,0,0,0.00725
275800,-0.326840,153.7,1.0000,nan,27.943,2,0.0000,400.0,0,0,0.00435
281176,-0.911320,152.0,0.0000,nan,28.233,1,0.0000,398.0,0,0,0.06696
286552,-0.242454,96.1,1.0000,nan,29.636,1,0.0000,403.0,0,0,0.00864
292432,-0.055481,101.8,0.0000,nan,30.159,1,0.0000,404.0,0,0,0.01055
298200,-0.249110,104.1,0.0000,nan,34.302,1,0.0000,419.0,0,0,0.21284
308504,-0.445411,148.5,1.0000,nan,26.879,2,0.0000,396.5,0,0,0.00290
314664,-0.634515,153.0,0.0000,nan,38.582,1,0.0000,437.0,0,0,0.10580
320152,0.272823,106.4,1.0000,nan,28.970,1,0.0000,400.0,0,0,0.00035
327348,0.334308,115.2,1.0000,nan,43.018,1,0.0000,453.0,0,0,0.02777
337372,-0.775748,151.2,0.0000,nan,26.322,2,0.0000,393.5,0,0,0.12359
342552,-0.537037,142.0,0.0000,nan,25.726,1,0.0000,390.0,0,0,0.09389
348208,0.208568,97.7,0.0000,nan,27.372,1,0.0000,397.0,0,0,0.04569
358708,-0.144808,150.0,0.0000,nan,76.411,1,1.0000,576.0,0,0,0.01792
364112,-0.282956,147.0,0.0000,nan,27.565,1,0.0000,396.0,0,0,0.05124
369264,0.184534,94.2,1.0000,nan,25.524,1,0.0000,389.0,0,0,0.00620
374752,0.040998,95.8,1.0000,nan,30.074,1,0.0000,404.0,0,0,0.00251
385336,-0.539701,145.0,0.6667,nan,25.643,3,0.0000,392.3,0,0,0.03915
391048,-0.139782,150.9,1.0000,nan,29.421,1,0.0000,403.0,0,0,0.00338
396872,0.460475,103.1,1.0000,nan,28.620,1,0.0000,399.0,0,0,0.00120
402164,0.154239,99.4,0.0000,nan,27.660,1,0.0000,396.0,0,0,0.03182
408884,0.067537,108.8,0.0000,nan,41.079,1,0.0000,445.0,0,0,0.04974
414568,0.039186,112.5,0.0000,nan,30.055,1,0.0000,404.0,0,0,0.06274
420308,0.062292,102.2,1.0000,nan,29.988,1,0.0000,402.0,0,0,0.00321
425908,0.083543,101.3,0.0000,nan,29.746,1,0.0000,404.0,0,0,0.03749
431172,0.077974,97.0,1.0000,nan,28.082,1,0.0000,397.0,0,0,0.00384
436884,0.159264,98.7,0.0000,nan,29.749,1,0.0000,403.0,0,0,0.06214
442204,0.527860,98.1,1.0000,nan,28.153,1,0.0000,397.0,0,0,0.00538
448000,0.098449,99.9,0.0000,nan,31.310,1,0.0000,409.0,0,0,0.02269
453628,-0.042474,102.4,1.0000,nan,28.234,1,0.0000,398.0,0,0,0.00440
458724,0.483822,95.6,1.0000,nan,25.677,1,0.0000,389.0,0,0,0.00274
465108,0.737964,104.2,1.0000,nan,37.933,1,0.0000,434.0,0,0,0.01795
470176,0.735187,103.1,1.0000,nan,25.148,1,0.0000,385.0,0,0,0.00478
475636,0.468025,95.2,0.0000,nan,28.076,1,0.0000,397.0,0,0,0.03116
481320,0.606270,99.9,1.0000,nan,30.662,1,0.0000,406.0,0,0,0.00126
486360,0.486484,95.5,1.0000,nan,26.563,1,0.0000,392.0,0,0,0.00154
496524,-0.342379,143.1,0.0000,nan,76.004,1,1.0000,575.0,0,0,0.03986
502180,-0.320328,148.6,1.0000,nan,30.281,1,0.0000,407.0,0,0,0.00619
507584,0.278917,99.1,1.0000,nan,28.426,1,0.0000,401.0,0,0,0.00215
522956,-1.081458,196.6,0.0000,nan,78.461,1,1.0000,574.0,0,0,0.07105
533120,-0.568194,175.2,1.0000,nan,26.117,2,0.0000,397.5,0,0,0.00143
538692,-0.435381,149.5,1.0000,nan,26.843,1,0.0000,395.0,0,0,0.00634
543788,-0.269923,95.4,0.0000,nan,26.684,1,0.0000,394.0,0,0,0.09109
549136,-0.081051,93.8,0.0000,nan,28.727,1,0.0000,403.0,0,0,0.01902
554792,-0.236982,99.4,0.0000,nan,29.313,1,0.0000,402.0,0,0,0.05770
565516,-0.333995,149.7,1.0000,nan,28.722,2,0.0000,403.0,0,0,0.00266
572208,-0.888972,158.4,0.0000,nan,40.458,1,0.0000,445.0,0,0,0.02642
577892,-0.133921,112.4,1.0000,nan,28.215,1,0.0000,405.0,0,0,0.00681
583604,0.251560,102.1,1.0000,nan,29.064,1,0.0000,402.0,0,0,0.00702
594216,0.022151,148.9,0.0000,nan,77.950,1,0.0000,583.0,0,0,0.05804
599564,0.211424,147.5,1.0000,nan,27.666,1,0.0000,396.0,0,0,0.00269
604912,0.455161,95.6,1.0000,nan,27.513,1,0.0000,398.0,0,0,0.01190
610400,0.578957,97.1,1.0000,nan,29.123,1,0.0000,403.0,0,0,0.00540
616336,0.735853,103.0,1.0000,nan,29.979,1,0.0000,405.0,0,0,0.01850
621488,0.449793,98.4,0.0000,nan,26.898,1,0.0000,397.0,0,0,0.02390
626640,0.059620,92.5,0.0000,nan,25.724,1,0.0000,391.0,0,0,0.13599
641984,-1.090648,194.2,1.0000,nan,79.118,1,1.0000,574.0,0,0,0.10257
652036,-0.573029,172.2,0.0000,nan,69.821,1,1.0000,563.0,0,0,0.07469
657720,-0.415990,146.0,1.0000,nan,27.710,1,0.0000,399.0,0,0,0.00652
667772,-0.911558,143.9,0.0000,nan,25.714,2,0.0000,393.5,0,0,0.11973
672840,-0.206167,141.2,1.0000,nan,24.565,1,0.0000,386.0,0,0,0.00102
678496,0.368884,97.0,0.0000,nan,26.370,1,0.0000,397.0,0,0,0.16455
683984,0.202403,99.9,1.0000,nan,27.799,1,0.0000,398.0,0,0,0.00160
689388,0.431234,97.3,1.0000,nan,28.480,1,0.0000,399.0,0,0,0.00147
694540,0.383017,94.2,0.0000,nan,26.801,1,0.0000,397.0,0,0,0.09403
700280,0.383741,98.4,1.0000,nan,28.958,1,0.0000,401.0,0,0,0.00442
705880,0.780917,101.4,1.0000,nan,30.340,1,0.0000,407.0,0,0,0.00178
710920,0.459682,95.1,1.0000,nan,25.315,1,0.0000,390.0,0,0,0.00331
716632,0.095389,96.8,0.0000,nan,29.396,1,0.0000,403.0,0,0,0.06101
722456,0.577938,103.1,1.0000,nan,28.022,1,0.0000,399.0,0,0,0.00097
727692,0.392840,98.8,1.0000,nan,27.160,1,0.0000,396.0,0,0,0.00041
734356,0.210044,108.0,1.0000,nan,41.442,1,0.0000,446.0,0,0,0.00394
740068,0.564848,112.6,1.0000,nan,30.021,1,0.0000,405.0,0,0,0.00769
745752,0.061979,102.0,0.0000,nan,29.046,1,0.0000,402.0,0,0,0.09178
751268,-0.183519,99.9,0.0000,nan,28.909,1,0.0000,401.0,0,0,0.11320
761544,-0.529483,145.4,0.5000,nan,26.675,2,0.0000,396.0,0,0,0.03127
766920,-0.381738,145.1,0.0000,nan,27.645,1,0.0000,397.0,0,0,0.12204
772408,0.514198,97.1,1.0000,nan,26.982,1,0.0000,395.0,0,0,0.00970
778344,0.762103,103.0,1.0000,nan,31.566,1,0.0000,409.0,0,0,0.00653
783524,0.775142,98.7,1.0000,nan,23.906,1,0.0000,389.0,0,0,0.00051
788760,0.352421,93.6,1.0000,nan,27.183,1,0.0000,395.0,0,0,0.01248
794136,0.526093,95.0,1.0000,nan,27.295,1,0.0000,396.0,0,0,0.00390
799204,0.775131,93.0,1.0000,nan,24.181,1,0.0000,385.0,0,0,0.00023
804916,0.400120,97.7,1.0000,nan,28.333,1,0.0000,400.0,0,0,0.00079
810068,-0.310477,96.8,0.0000,nan,27.551,1,0.0000,397.0,0,0,0.28327
815304,0.190689,93.3,1.0000,nan,27.320,1,0.0000,397.0,0,0,0.01392
825524,-0.043950,144.7,1.0000,nan,26.249,2,0.0000,395.0,0,0,0.00969
831180,-0.415175,148.8,1.0000,nan,30.627,1,0.0000,407.0,0,0,0.00262
836724,0.191354,100.5,1.0000,nan,27.496,1,0.0000,399.0,0,0,0.00133
841876,-0.305556,95.2,0.0000,nan,26.171,1,0.0000,396.0,0,0,0.09712
847532,0.196699,97.4,1.0000,nan,29.043,1,0.0000,406.0,0,0,0.00145
858060,-0.635255,148.1,0.0000,nan,72.594,1,0.0000,573.0,0,0,0.14402
863212,-0.454957,142.6,1.0000,nan,25.978,1,0.0000,390.0,0,0,0.00791
868896,-0.153639,97.7,0.0000,nan,28.237,1,0.0000,404.0,0,0,0.02948
874720,0.271388,103.1,1.0000,nan,30.362,1,0.0000,411.0,0,0,0.00845
880012,0.400136,99.4,0.0000,nan,25.929,1,0.0000,395.0,0,0,0.06804
886676,0.182564,108.3,0.0000,nan,39.000,1,0.0000,443.0,0,0,0.10200
892584,0.074625,114.2,0.0000,nan,30.529,1,0.0000,412.0,0,0,0.01801
903336,-0.591650,154.6,0.0000,nan,74.713,1,0.0000,580.0,0,0,0.13300
908936,-0.504650,150.9,1.0000,nan,27.632,1,0.0000,398.0,0,0,0.00444
914256,0.026802,97.6,1.0000,nan,26.726,1,0.0000,395.0,0,0,0.01237
924840,-0.245145,148.1,0.0000,nan,75.012,1,1.0000,582.0,0,0,0.06020
930300,-0.425212,148.6,0.0000,nan,28.404,1,0.0000,402.0,0,0,0.09206
936208,0.094949,102.4,1.0000,nan,29.025,1,0.0000,405.0,0,0,0.00342
941388,0.127565,98.4,0.0000,nan,27.257,1,0.0000,398.0,0,0,0.06314
946680,0.108072,94.2,0.0000,nan,26.373,1,0.0000,396.0,0,0,0.02582
957040,-0.584585,142.0,0.0000,nan,75.357,1,1.0000,574.0,0,0,0.05560
967512,-1.038599,194.4,0.0000,nan,76.006,1,1.0000,578.0,0,0,0.03592
978180,-0.806092,199.8,1.0000,nan,25.471,1,0.0000,399.0,0,0,0.00908
983248,-0.033776,145.6,1.0000,nan,23.559,1,0.0000,391.0,0,0,0.01200
993356,-0.801042,142.2,0.0000,nan,26.689,2,0.0000,397.5,0,0,0.09359
999012,-0.495547,145.4,1.0000,nan,26.249,1,0.0000,398.0,0,0,0.00161
1004528,0.471591,100.1,1.0000,nan,26.848,1,0.0000,398.0,0,0,0.00515
1015168,-0.510753,147.0,0.0000,nan,73.861,1,1.0000,577.0,0,0,0.07672
